Name,Users,ID
Jotit - Just Jot it!, 3 , 1000038
1000255.json, 64 , 1000255
Self Butler, 50 , 1000376
TimeRun, 4 , 1000444
Timely, 16 , 1000494
1000498.json, 9 , 1000498
TF2Center Tools, 10 , 1000517
amo-info, 7 , 1000795
1000853.json, 34 , 1000853
Dark Cuties Mods, 12 , 1000944
Sound Equalizer, 812 , 1001072
Page Modeller, 70 , 1001206
Go Outside..., 0 , 1001253
1001279.json, 42 , 1001279
kbo Startpage, 2 , 1001311
WebVault, 0 , 1001369
1001457.json, 1 , 1001457
Doki Doki Literature Club - Interactive Dokis, 12 , 1001537
Emojis table, 34 , 1001618
1002098.json, 58 , 1002098
Modus, 15 , 1002164
Unreal engine 4 API links, 4 , 1002174
GitHub User Languages, 3 , 1002297
1002319.json, 14 , 1002319
1002580.json, 110 , 1002580
1002629.json, 45 , 1002629
Librus Desktop Addons, 2 , 1002795
Darkify-pages, 0 , 1002800
Web for Android Messages, 249 , 1003116
CO2ok Ninja, 12 , 1003129
IDE Powers, 3 , 1003196
News Hub kiosk, 8 , 1003238
Blue Messenger, 72 , 1003286
Image Max URL, 508 , 1003321
GearBest Price history & coupons, 55 , 1003330
1003433.json, 57 , 1003433
Water Walk: Anti-Sedentary Reminder, 70 , 1003467
1003568.json, 7 , 1003568
Chat and Meet for Hangouts, 130 , 1003991
Web for Instagram, 1224 , 1003997
Social Link, 3 , 1004030
White Messenger, 19 , 1004034
Link for Tinder, 87 , 1004035
Easy for Twitter, 31 , 1004039
Green Messenger, 41 , 1004043
FPL Tools, 227 , 1004048
1004054.json, 1 , 1004054
Red Messenger for Youtube, 3 , 1004061
Subflix, 39 , 1004090
Browser Safety, 29 , 1004157
Facebook Bookmark Manager, 21 , 1004159
Facebook Video Downloader, 1769 , 1004160
ptYou - Star Citizen Contact Manager, 14 , 1004273
GoQuestGo, 0 , 1004297
RunQuestRun, 52 , 1004299
RadioTarget, 0 , 1004368
Deezer Rich Prescence, 15 , 1004418
Hub, 1 , 1004437
SlamDunk Wallpaper New Tab Theme, 1 , 1004446
Coding Shout, 60 , 1004785
traktflix, 479 , 1004818
Alotnote - Online Note Services, 1 , 1004960
youtube timer, 1 , 1005186
Self Destroying Cookies, 1492 , 1005251
PenguinProxy VPN Client, 273 , 1005353
1005440.json, 1 , 1005440
AntiBrowserSpy TrackingBlocker Special Edition, 1423 , 1005495
useduck.com, 15 , 1005502
1005544.json, 2 , 1005544
Trustnav Safesearch, 13 , 1005595
1005697.json, 1 , 1005697
RSSPreview, 3340 , 1005960
1005964.json, 0 , 1005964
YaTab, 2 , 1006133
1006260.json, 17 , 1006260
Feed Preview, 2115 , 1006262
MyShows: TV Show tracker, 17 , 1006484
Customize FANDOM Discussions, 2 , 1006561
vim-navigation, 42 , 1006718
Save Selected Tabs to Files, 304 , 1006824
Copy Selected Tabs to Clipboard, 460 , 1006840
Better Twitter, 63 , 1006961
A Photographic Start - New Tab Page, 24 , 1007225
URL Incrementer, 144 , 1007226
Seedkeys, 1 , 1007289
Start Select Plus, 1 , 1007345
YouTube MP3 Converter & Download, 3070 , 1007482
YouTube Adblocker, 1758 , 1007483
Simply Search, 7 , 1007574
Darkdocs, 221 , 1007582
Confound Comments, 0 , 1007797
QuickSearchKeyCombo, 3 , 1007868
1007959.json, 2 , 1007959
Plurk Savior, 26 , 1008034
Search Administrator for Firefox, 379 , 1008069
Tab Uncloser, 26 , 1008243
1008312.json, 77 , 1008312
Vault Safe Search for Firefox, 1 , 1008333
Context command executor, 2 , 1008429
1008510.json, 27 , 1008510
Transifex Open Occurrences, 5 , 1008552
visited-color-picker, 158 , 1008666
Cursor Mega Pack, 240 , 1008753
Rapid Url, 0 , 1008790
Game Prophet, 1 , 1008893
Kimi No Na Wa Wallpaper New Tab Theme, 43 , 1008931
Fullmetal Alchemist Wallpaper New Tab Theme, 3 , 1008938
Naruto - Itachi Uchiha Wallpaper New Tab Theme, 6 , 1008939
Naruto - Gaara HD Wallpaper New Tab Theme, 1 , 1008950
Naruto - Sasuke Wallpaper New Tab Theme, 15 , 1008967
Oly Moly, 1 , 1008995
1009097.json, 119 , 1009097
Selection Search, 22 , 1009387
Mountain HD Wallpaper New Tab Theme, 30 , 1009510
Client Side Bangs, 7 , 1009616
Relay, 25 , 1009672
SQDC Back in Stock Notification, 31 , 1009794
Giant Bomb Turbo, 34 , 1009816
MangasSubscriber, 3 , 1009855
1009856.json, 1 , 1009856
Price Round, 2 , 1009940
1009993.json, 1 , 1009993
CS GO Wallpaper New Tab Theme, 5 , 1010047
Porsche Super Car Wallpaper New Tab Theme, 9 , 1010083
1010093.json, 12032 , 1010093
Bugatti Super Car Wallpaper New Tab Theme, 20 , 1010112
Save to folder from context menu, 147 , 1010692
Tiple, 0 , 1010751
Gmail AdBlock, 267 , 1010772
Venom Wallpaper New Tab Theme, 12 , 1010823
Death Note Wallpaper New Tab Theme, 9 , 1010878
V For Vendetta Wallpaper New Tab Theme, 2 , 1011084
Ad Blocker Pet Adopter, 41 , 1011249
Happit, 5 , 1011302
PopupYouTube, 34 , 1011363
Set Aside, 154 , 1011595
Outlook Reminders, 2 , 1011809
1011874.json, 0 , 1011874
Highlight or Hide Search Engine Results, 19 , 1011915
unsocial, 1 , 1011917
Darkify, 4 , 1012003
SyncWatch, 6 , 1012033
Image Pro Search, 78 , 1012068
Awoobooru, 30 , 1012171
1012228.json, 5 , 1012228
Black Panther Wallpaper New Tab Theme, 12 , 1012274
Diablo HD Wallpaper New Tab Theme, 1 , 1012276
ESPN Boris Chen Tiers, 15 , 1012286
BangGood - Download all images, 44 , 1012307
Joule, 194 , 1012313
GLPI Reminders, 17 , 1012397
The Matrix Wallpaper New Tab Theme, 7 , 1012506
1012648.json, 1 , 1012648
1012672.json, 1 , 1012672
Coconote, 2 , 1012717
Windows XP - Bliss Wallpaper New Tab Theme, 16 , 1012724
macOS Sierra HD Wallpaper New Tab Theme, 7 , 1012764
SpigotMC Review Hider, 0 , 1013260
Open In IINA, 988 , 1013264
Monica_gift, 1 , 1013442
StepStoneImproved, 1 , 1013475
Opentalent Add-ons, 1 , 1013500
1013571.json, 1 , 1013571
JPEG Explorer: Hangar Importer, 6 , 1013698
Librefox HTTP Watcher - Red flag, 162 , 1013780
HN Blocklist, 2 , 1013878
Dynatrace Real User Monitoring, 16 , 1013881
Rancher Lite, 3 , 1013887
1014161.json, 182 , 1014161
ShopSuey: Get rid of ads on Amazon, Ebay and more, 6 , 1014211
Librefox HTTP Watcher - Tor MoD, 14 , 1014224
Proof, 1 , 1014370
Astraliker | Auto-like for Instagram, 66 , 1014753
YouSkip, 4 , 1014819
Spoiler Slayer, 11 , 1014861
Launch, 1 , 1014960
Auto HD/4k/8k for YouTube™, 568 , 1014962
TunnelBear Blocker, 295 , 1014996
LoboPop, 19 , 1015127
GwentyTab, 11 , 1015149
GetPdfTotal, 0 , 1015364
1015383.json, 2 , 1015383
Short3n.me, 2 , 1015435
1015448.json, 3 , 1015448
Amazon Bestseller, 31 , 1015512
Daxmarks beta, 34 , 1015907
Spigot Update Templates, 14 , 1015993
YouTube Adblock, 7692 , 1016048
1016074.json, 5 , 1016074
Refden, 0 , 1016121
Kahoot Keyboard Shortcuts, 18 , 1016189
Force YouTube Country, 20 , 1016226
Adblock-Paid, 2 , 1016280
Méthode Quick Open Bar, 5 , 1016769
Twitch Tab, 1 , 1016782
Japanese Shogunate Search, 20 , 1016795
Reddit Comments for YouTube, 18 , 1016886
Lichess hide Elo, 4 , 1016948
Silence Window, 49 , 1016966
SR POS Swiggy,Zomato Orders, 1 , 1016992
AdZero Adblocker, 377 , 1017039
JukeBot - The #1 JQBX helper!, 15 , 1017226
timimi, 210 , 1017307
Reddit on Youtube - MemFix, 24 , 1017403
Twitter Search Fixer, 8 , 1017405
1017565.json, 43 , 1017565
1017578.json, 3 , 1017578
Pokrex JIRA Assistant, 1 , 1017586
JustLabelMe, 4 , 1017616
HN: ShowHN items in Frontpage, 1 , 1017693
Easy RSS, 149 , 1017785
Novel Updates Tracker, 10 , 1017900
Anime Discord Rich Presence, 5 , 1018048
Magnet Link and .torrent to Transmission, 80 , 1018077
Tenhou Is 0w0 U, 2 , 1018291
Obliterate-Fixed, 5 , 1018331
Digital Detox - Block distracting websites, 20 , 1018338
Smart Previewer, 10 , 1018394
Tab URL Actions, 2 , 1018462
Tarjomak, 72 , 1018519
Sitecore Icon Search, 2 , 1018816
1018859.json, 6 , 1018859
1019131.json, 159 , 1019131
FreshRSS-Notify, 5 , 1019230
1019330.json, 3 , 1019330
Pin Messenger Chats, 4 , 1019360
1019372.json, 2 , 1019372
1019381.json, 2 , 1019381
WordReference - Free Translator, 39 , 1019448
WhatsApp Messenger in Pinned Tab, 1109 , 1019554
Selective Cookie Remover, 2 , 1019721
Google Image Search (Reverse Search), 396 , 1019742
Oxford Dictionary, 1344 , 1019746
Reddit: Launch in Pinned Tab, 6 , 1019748
Slither.io Low Quality Mode, 97 , 1019878
Skype Web, 419 , 1019883
SynTek, 19 , 1019909
QOwnNotes Web Companion, 259 , 1019910
Last Resort, 1 , 1020160
Appian Browser Extension, 3 , 1020470
GML Syntax Highlighter, 1 , 1020549
Certainly Private, 2 , 1020592
Flat Speed Dial (Customizable), 33 , 1020806
Ecoify Extension, 6 , 1020970
ProLocalis Office Suite, 1 , 1020989
1020993.json, 7 , 1020993
Yellow Messenger - Google Allo, 6 , 1020998
unMute, 11 , 1021146
Souq Price Tracker, 4 , 1021164
Mute Descendant Tabs, 5 , 1021202
Trustie, 1 , 1021279
1021347.json, 13 , 1021347
FVD Video Downloader, 7100 , 1021383
Dhgate Price Tracker, 4 , 1021482
TAYL - Let me read that for you, 25 , 1021675
Data Masker Privacy Zorro - Your WebApp Obfuscator, 2 , 1021752
BrickLink unified UI, 2 , 1021773
Rail Capture, 3 , 1021998
PhoneDork, 3 , 1022016
ConditionalRun, 1 , 1022021
1022048.json, 15 , 1022048
Adblock Lite, 20638 , 1022150
Cyber Privacy Suite  for Mac OS, 1 , 1022224
1022271.json, 9 , 1022271
Bang!, 2 , 1022335
Facebook Messenger, 537 , 1022366
Shortcuts for Google Translate, 17 , 1022381
Librus Average, 41 , 1022481
Loremi, 13 , 1022502
Btools, 24 , 1078619
PixelZoomer, 4660 , 116725
1284699.json, 1 , 1284699
Learn Darklight Core, 0 , 1307631
Search For Manuals, 1 , 1308417
Search For Directions, 0 , 1310668
1386129.json, 11 , 1386129
Focused YouTube, 22 , 1441109
YouTube Download Button, 6637 , 1441141
SO Dark Chat Plus, 7 , 1441162
PageFilter, 3 , 1459511
Open Github in editor, 2 , 1459713
Only The Latest News, 1 , 1468421
Append To Domain, 3 , 1468538
ADS Wallet, 12 , 1468601
Consumer Reports, 1 , 1468832
Stream Clean, 3 , 1468888
Find Forms, 1 , 1469018
Addon Update Notifier, 32 , 1469269
SAML to AWS STS Keys, 25 , 1469400
People Net, 0 , 1469631
Hero by Vivun for Firefox, 7 , 1469718
ThumbTack, 1 , 1469877
Kinjamprove Continued, 5 , 1470131
CoinSwitch, 1 , 1470362
Nudge by Siempo, 2 , 1470702
1470722.json, 5 , 1470722
bugzilla-github-extension-ff, 1 , 1470724
PhishingFree by SafeToOpen®, 3 , 1470762
1470992.json, 5 , 1470992
VerNarutoAddon, 1 , 1471092
RelaxedReader, 8 , 1471154
Online Staken, 0 , 1471172
stutter, 109 , 1471197
Free Video Saver, 524 , 1471420
InboxTab, 20 , 1471423
SimpleDiscordCrypt, 22 , 1471430
Amazon Affiliate Tagger, 4 , 1471481
Dark Mode, 1726 , 1471508
Cool-Pics - NewTabPage, 0 , 1471532
1471641.json, 3 , 1471641
AO3 History, 4 , 1471778
Monocle Read Later, 1 , 1471788
1471859.json, 2 , 1471859
1471977.json, 66 , 1471977
Wikipedia Easy Search, 82 , 1471996
1472197.json, 1 , 1472197
Forget about this site, 12 , 1472348
HashIt, 1 , 1472794
HTML5 Video Everywhere, 289 , 1472835
Advanced Search, 7 , 1472939
Messenger Activity, 5 , 1473070
I hate mailto, 7 , 1473113
Sauron - Dark mode for all websites, 21 , 1473144
Heading Tag Markup, 3 , 1473246
1473293.json, 4 , 1473293
PT Plugin, 59 , 1473414
Hey. Discuss everywhere, 0 , 1473430
Search My Inbox, 1 , 1473475
RotoGrinders - Yahoo Tools, 2 , 1473510
Tv Search, 2 , 1473511
ConvertMyFile addon, 1 , 1473519
Nano Adblocker, 1561 , 1473548
HighlightColor, 33 , 1473649
SearchDateLen, 1 , 1474034
BTS Random Lyrics, 5 , 1474171
IaR Auto Login, 2 , 1474194
1474402.json, 0 , 1474402
Securden, 1 , 1474489
1474517.json, 21 , 1474517
JavaScript Restrictor, 5 , 1474738
PDFtoDOC Newtab, 0 , 1474746
News HomePage, 0 , 1474754
WebTranslate, 162 , 1474788
Pictag, 2 , 1474794
1474824.json, 1 , 1474824
CryptoTab START, 4 , 1474886
xboxunity LiNK, 6 , 1474992
Reality Viewer, 1 , 1475269
Link Control, 3 , 1475324
Ribbon Reminder, 1 , 1475329
1475341.json, 1 , 1475341
1475371.json, 2 , 1475371
1475414.json, 1 , 1475414
Hello, Goodbye! - Chat popup blocker, 591 , 1475471
todo.txt, 2 , 1475481
Social Media Bot. Instagram & Twitter Growbot, 44 , 1475482
TV Online Grátis, 14 , 1475493
Reciplay, 2 , 1475553
Easy Screenshot Pro, 109 , 1475562
b.it³ Modifier for Exact Synergy, 1 , 1475662
I didn't call you, 2 , 1475750
Thredd - Browse Smarter w/ Reddit, 2 , 1475804
ASP Shopping Assistant, 1 , 1475878
PackageTracker Pro, 0 , 1476130
Redactor, 2 , 1476344
1476479.json, 2 , 1476479
ConvertMyFile, 0 , 1476488
1476501.json, 31 , 1476501
DNS Report by DNS Rate, 1 , 1477005
DuckDuckGo Maps, 10 , 1477024
minexmr.com stats, 1 , 1477034
1477051.json, 263 , 1477051
1477103.json, 1 , 1477103
MyGuide Player, 1 , 1477113
h_da institutional Login, 2 , 1477119
1477139.json, 3 , 1477139
1 Key Web Search, 1 , 1477218
Deep Translator Pro, 25 , 1477300
tiny link, 2 , 1477362
Custom CORS Control, 1 , 1477385
Container Opener, 2 , 1477458
PekePBX Integration, 1 , 1477584
jaggson for Amazon Seller, 1 , 1477802
1477846.json, 1 , 1477846
YourPDF, 0 , 1477902
Facebook Color Changer, 25 , 1478066
1478146.json, 5 , 1478146
Pioneer Badge Re-adder, 1 , 1478235
Freelancer Helper, 2 , 1478262
Reverse Phone Search, 1 , 1478401
Hide Files on GitHub, 1 , 1478492
AdBlaster Adblocker, 0 , 1478612
YouTube AdBlock, 11 , 1478830
1479231.json, 1 , 1479231
Printify for Le Monde, 1 , 1479330
Cloud Quick Docs, 1 , 1479404
1479415.json, 3 , 1479415
Awesome Emoji Picker, 3 , 1479590
1479602.json, 2 , 1479602
hipda helper, 1 , 1479727
1479832.json, 1 , 1479832
1479922.json, 1 , 1479922
Search4Musix Addon, 22 , 1479963
Adaware Secure Search, 0 , 1480039
1480044.json, 0 , 1480044
1480074.json, 1 , 1480074
Mail Capture, 0 , 1480085
TrashMail.com for Mozilla Firefox®, 4412 , 1813
Reader, 22998 , 184617
Popup ALT Attribute, 4379 , 1933
Text Link, 54766 , 1939
Tab Rotator, 12877 , 207605
HTTPS Everywhere, 540339 , 229918
Turn Off the Lights, 45661 , 255270
New Tab from Location Bar, 8485 , 258229
MM3 Proxy Switch, 2828 , 2648
BugzillaJS - Tweaks for Bugzilla, 651 , 301683
Google Reverse Image Search, 19051 , 328031
Keepa.com - Amazon Price Tracker, 111877 , 329119
Shoptimate : compare prices automatically, 5419 , 331630
Blur, 45465 , 358616
Image Resizer, 1874 , 363304
Save Text To File, 7862 , 366225
Finance Toolbar - Real Time Stock Tracker, 841 , 374840
Ambient Aurea for Firefox, 110 , 378715
378949.json, 2366 , 378949
NextPlease, 546 , 390
400544.json, 335 , 400544
TagSpaces Web Clipper, 700 , 409470
Second Search, 679 , 4096
Hindi Dictionary, 118 , 411312
Desktop notifications for Stack Exchange's inbox, 50 , 411590
YouTube Video Center, 1061 , 411918
PageExpand, 2418 , 413520
416494.json, 560 , 416494
QCLean:Remove Facebook Ads,Suggested Pages&Posts, 1579 , 424260
Zimbra Mail Notifier, 2413 , 424814
427562.json, 87 , 427562
SG Fórum tuning, 6 , 435088
SeLite Bootstrap, 39 , 436692
SeLite SelBlocks Global, 169 , 437504
SeLite TestCase Debug Context, 56 , 437508
SeLite SQLite Connection Manager, 2642 , 437514
SeLite Miscellaneous, 41 , 437516
SeLite Commands, 68 , 437518
SeLite DB Objects, 616 , 437526
Scrum for Trello, 4036 , 442938
SeLite Settings, 39 , 443918
cite-trove, 20 , 444166
Nimbus Screen Capture:  Screenshot, Edit, Annotate, 92643 , 448002
Brief, 11669 , 4578
abcTajpu, 1486 , 459
Trimless for Google Mail™, 316 , 459583
Copy URL With Hash, 26 , 461892
Google Translator for Firefox, 591601 , 46308
Easy Youtube Video Downloader Express, 419548 , 463677
Custom Hangout Emoticons, 59 , 464297
Public IP Display, 1186 , 465571
“Post!” button (Postila.ru), 1511 , 466961
Proper Menubar for Firefox, 279 , 467098
Blog Killfile, 335 , 470514
SimpleFill, 1604 , 470596
Ember Inspector, 2598 , 470970
Fokus, 66 , 478363
Scroll Up Folder, 554 , 4786
Searchonymous, 5664 , 482551
Double-click Image Downloader, 13875 , 483763
Multiple Tab Handler, 11351 , 4838
RotoGrinders FanDuel Tools, 170 , 487526
492570.json, 4 , 492570
SeLite Auto Check, 33 , 494976
Random Bookmark From Folder, 151 , 501278
Shift+LeftClick opens links in a new active tab, 144 , 501858
503662.json, 696463 , 503662
Copy as Markdown, 1030 , 505088
Redirector, 11222 , 5064
Privacy Badger, 559339 , 506646
518894.json, 11964 , 518894
Adguard AdBlocker, 349116 , 520576
Atavi - bookmark manager, 2271 , 523592
SeLite Exit Confirmation Checker, 26 , 526042
Usersnap, 284 , 527270
528642.json, 2 , 528642
Xirvik .torrent to seedbox uploader, 1198 , 531230
microGesture, 552 , 535482
microGesture Tab Edition, 158 , 539112
SeLite Run All Favorites, 35 , 540930
Kill Infinite Scroll, 627 , 540948
Kill It, 400 , 542338
Scrollkey, 87 , 546766
548288.json, 391 , 548288
Plain Text Linker, 515 , 549028
550748.json, 65 , 550748
Phashword, 45 , 553524
The Old Reader Bookmark, 16 , 554924
HaTeMiLe for Browser, 156 , 554958
All Downloader Professional, 22172 , 558472
Whimsy, 44 , 563374
AO3rdr, 659 , 575986
578454.json, 87 , 578454
SeLite Clipboard And Indent, 35 , 581820
Copy Selected Links, 11087 , 583516
AdNauseam, 34199 , 585454
RightTasks for Gmail™, 111 , 586802
SeLite Hands-on GUI, 25 , 586834
Swift Selection Search, 15573 , 587410
Tree Style Tab, 129451 , 5890
Corobizar.com - Alerte Live, 807 , 591850
Zoom for Firefox, 6094 , 597624
DOM element as a bookmark, 66 , 598532
Add URL to Window Title (Advanced KeePass Usage), 1036 , 600310
Small Clock, 1531 , 601216
Twitter Block Chain, 843 , 603424
VPN.AC SecureProxy, 1242 , 605432
AutoJoin for SteamGifts, 1369 , 607000
uBlock Origin, 4888118 , 607454
Twitch Fox, 1165 , 607490
GAMESKIP, 430 , 608940
uMatrix, 94778 , 613250
Vertical Tabs Reloaded, 5231 , 616590
Open With Opera, 412 , 621790
365 Mail Notifier, 764 , 622980
Useful New Tab Page, 9 , 623086
Open With Google Chrome, 5027 , 625756
Stash, 35 , 628602
Strava Helper, 788 , 629648
Google App Launcher, 2031 , 633228
636308.json, 24 , 636308
639314.json, 144 , 639314
Play video on Dreambox, 48 , 641016
643250.json, 5 , 643250
News Feed Eradicator, 2735 , 644866
647006.json, 8639 , 647006
Cookie Lympha, 701 , 648710
FurAffinity Extender, 1179 , 6512
CORS Everywhere, 22131 , 653010
Mudfish - HTTP Proxy, 489 , 653502
DeepDyve Plugin, 2775 , 654470
Send to Maxel, 54 , 656340
656596.json, 5 , 656596
jDM, 43 , 660180
AtCoder Unit Test, 14 , 662336
DynamicHistory, 221 , 662450
Ace Script, 5247 , 663722
Asym, 14 , 664086
NoFap Panic Button, 421 , 665842
Keywords Everywhere, 22796 , 668584
Reddit on Youtube, 1617 , 668740
Facebook Unfriend Finder, 3551 , 669218
Plaza+, 0 , 669929
670183.json, 6654 , 670183
Mactionary, 69 , 671167
Catbox Uploader, 46 , 671704
Vouch, 88 , 671745
Redmine Timer, 231 , 672590
InFormEnter+, 8660 , 673
GG Plugin, 569 , 673599
TubeBuddy Plugin, 23271 , 676942
Fontface Ninja, 8320 , 678888
URL MultiShortener, 38 , 679091
679863.json, 60 , 679863
TMetric – Time Tracker & Productivity App, 2071 , 680062
KJuicer, 21 , 680326
Recruitr for Firefox, 2 , 681437
Copy text with Alt-Click, 346 , 681665
LionEXT by D.M., 12 , 681953
Binnen-I be gone, 1342 , 6822
Headcrab, 2 , 683193
Tampermonkey, 280889 , 683490
memosnag, 28 , 683550
danganreddit Class Trial helper, 45 , 683677
Gfycat - Click to GIF, 482 , 684006
684297.json, 320 , 684297
Substital, 1509 , 685063
Gruveo Instant Connect, 230 , 687347
Netpanel, 7968 , 687350
Star Citizen Hangar XPLORer, 609 , 688120
Find and Replace Tab Urls, 37 , 688225
Hotot+, 14 , 688935
Drumpfinator Extreme Edition, 22 , 689575
SeLite Preview, 8 , 690390
Responsible Blocker, 176 , 690520
Firelux, 1336 , 692047
Lapi Stream, 97 , 692808
Badí' Calendar, 25 , 693091
Filter Affinity, 137 , 694133
JabFox, 1402 , 694474
Windscribe - Free VPN and Ad Blocker, 83158 , 697223
Open With Adobe Illustrator, 2472 , 698459
699291.json, 12 , 699291
F-Secure KEY, 1599 , 699656
EngineerSR, 289 , 700918
WaniKani Notifier, 94 , 701514
RotoGrinders Draftkings Tools, 285 , 701917
adaware ad block, 68344 , 702320
PlayThis, 82 , 704686
705187.json, 37 , 705187
705426.json, 24 , 705426
Dark mode / night reader, 226 , 706754
IndieGala Helper, 127 , 707078
BBradley's Extended Shortcuts, 47 , 709049
Redirecionamento CAPES-Periódicos, 442 , 709254
#be browser detector, 0 , 709549
Hughes Real Estate Group Backend Helper, 1 , 709783
709851.json, 292 , 709851
fimfic2epub, 95 , 711117
Wayback Machine, 10144 , 711438
VK scrobbler, 923 , 711791
713788.json, 1 , 713788
GoogleToBing, 47 , 714764
Udacity Front End Feedback, 402 , 715080
Redux DevTools, 21665 , 715938
Hide My IP Free, 10011 , 715981
Delete Tab, 14 , 716131
716606.json, 12 , 716606
Markdown to JIRA, 205 , 716902
Tabatus, 5 , 717528
Extension source viewer, 2828 , 717783
Full Screen for Firefox, 6010 , 718268
Date Today for Firefox, 487 , 718273
Print for Firefox, 2516 , 718275
Amazon delivery check Addon, 77 , 718479
Explain and Send Screenshots, 1119 , 721380
723878.json, 162 , 723878
Weather Extension, 13601 , 724781
VK Manager, 18 , 725785
Segmentify, 2 , 725936
Store Translate, 1006 , 728440
BetterRBTV, 277 , 728760
730583.json, 5 , 730583
One-click Screenshot, 1588 , 730763
Mixalator, 1 , 731138
732391.json, 18 , 732391
732864.json, 193 , 732864
Negotiator, 18 , 734271
734707.json, 6 , 734707
Nuxeo Dev Tools, 100 , 735035
f.ds extension, 12 , 737293
Yathit: SugarCRM for Gmail, 9 , 737717
SearchCrutch, 157 , 738015
Cashrewards, 2678 , 739457
Checker Plus for Google Calendar™, 3193 , 739662
Pulse SMS Extension, 888 , 740275
741925.json, 4285 , 741925
Custom New Tab Page, 295 , 742289
polrff, 11 , 742476
Duplicate Tab Shortcut, 639 , 742674
Imagcx Uploader, 3 , 743091
List Highlighter for Trello, 178 , 744497
Hide Activity Details (+ Tweaks) for Trello, 57 , 744503
ICPBravoAccess, 10811 , 746723
Checker Plus for Gmail™, 13321 , 748222
Rite.ly, 13 , 750055
750397.json, 25 , 750397
GNOME Shell integration, 112327 , 751081
Reverse Image Search, 9913 , 751101
751924.json, 252 , 751924
Laban dictionary, 518 , 753194
Timeneye widget, 127 , 754463
759608.json, 19 , 759608
Gruupz Shopping Companion, 0 , 764177
Shortkeys (Custom Keyboard Shortcuts) for Firefox, 5705 , 770703
772189.json, 1 , 772189
Scholarometer, 612 , 77344
Password Hasher Plus - Password Generator, 186 , 774791
SafeSearch Enforcer, 296 , 775516
776133.json, 1501 , 776133
Pouch, 2377 , 778330
FindFlix: Netflix Secret Category Finder, 2131 , 778658
Find cheap hotels & flights, 1 , 778678
Display #Anchors, 945 , 779544
781273.json, 612 , 781273
783802.json, 3670 , 783802
CG Spunk, 41 , 786785
Axon - Wordnik, Wiktionary & Wikipedia add-on, 19 , 787628
789591.json, 104 , 789591
Redmine Plus, 36 , 790140
Tubeacca, 1 , 791430
Reddit Comment Collapser, 1372 , 791825
YouTube Tracker, 33 , 792004
Sindup, 25 , 793472
Context Plus, 1269 , 793621
No Emoji, 122 , 794620
Untrack Me, 403 , 795375
796176.json, 2 , 796176
Heureca!, 60 , 798414
798850.json, 130 , 798850
DamageReport, 1 , 799223
ZeeOTP, 89 , 799725
Cookie Manager, 23586 , 800416
Ektajpu: Esperanto Text Converter, 42 , 800909
Comment Barber, 4 , 801548
smartUp Gestures, 5366 , 801946
coMeNo, 20 , 802405
Foxy Gestures, 47502 , 803317
805933.json, 145 , 805933
Org Capture, 650 , 806779
Giant Bomb QoL, 281 , 807449
Mastodon Share, 271 , 808341
Torrentz2 Magnet Links +, 4587 , 808741
lowcarb, 64 , 808810
Save To The Wayback Machine, 165 , 809285
Deezer Tab, 74 , 809734
810809.json, 1 , 810809
811509.json, 1153 , 811509
MyGit, 193 , 811876
Search by Image on Google, 11367 , 812095
Yet Another Player for Youku, 2082 , 812232
niobium - Password Generator, 101 , 812630
LightSquid domain tables, 1 , 812742
uGet Integration, 3813 , 813208
Sitejabber: Ratings & Reviews on Every Site, 120 , 8135
ScrummerTheodo, 139 , 813764
813901.json, 184 , 813901
CSS Reload, 222 , 814248
Popupblocker, 3832 , 814416
Stylus, 70374 , 814814
Smashcast+, 28 , 814896
Blacklist Source Plugin, 37 , 815172
Personal Blocklist (not by Google), 5628 , 815469
MiniTranslate, 24 , 815576
Jack's MouseHunt Helper, 198 , 816025
Hidebar, 16 , 816565
817050.json, 19 , 817050
ExpressVPN for Firefox, 46261 , 817620
Refined GitHub, 4030 , 817698
showHTML, 447 , 817833
Copyfish, 7654 , 817995
ali, 18 , 818736
Gesturefy, 115671 , 819184
My Friends' Mood, 25 , 819469
Pay by Privacy.com, 5065 , 819638
IQCASHBACK, 2 , 820144
AddSomeBlack, 42 , 820827
deviantART Filter, 322 , 821210
RateX, 363 , 821634
Album, 230 , 822248
822598.json, 11 , 822598
Himawari 8 Satellite New Tab Page, 41 , 823023
jPlus beta, 12 , 823085
Slack View Optimizer, 276 , 823577
823931.json, 2012 , 823931
WebNowPlaying Companion, 961 , 824608
Blind Code Reviews, 12 , 825268
Hide Spoilers!, 144 , 825932
DansDeals Amazon Link Generator - UNOFFICIAL, 3 , 826199
labur.eus, 36 , 826442
Tab Notes, 203 , 826790
827100.json, 16883 , 827100
827493.json, 1 , 827493
Note Taker, 3376 , 827801
Application Menu, 340 , 827827
828172.json, 2 , 828172
Minimal Tetris Friends, 123 , 828457
steemoji, 13 , 828510
Influencer Amazon Affiliate, 145 , 828827
Xdebug Session Cookie, 378 , 828837
Aliexpress & GearBest Superstar, 1790 , 829008
Bazaar Save Button, 5 , 829478
URLs List, 2368 , 829748
Altruisto.com, 157 , 829839
830029.json, 1 , 830029
Reading List, 1147 , 830081
Monastery, 270 , 830290
831273.json, 138 , 831273
Webcomic Keyboard Navigation, 10 , 831473
Mokum share extension, 11 , 831803
Passwords 101, 4 , 832364
Voice Fill, 2864 , 832892
Onemark, 2 , 833849
JavaAPI-Redirector, 3835 , 834860
Display beautiful stuff, 2 , 835766
New Tab Enhanced, 6 , 835866
Max Tabs (Web Extension), 2667 , 836103
EvoFixer, 1 , 836325
Styler, 450 , 836477
Salesforce Lightning Compact Styler, 33 , 836920
Keybase, 1835 , 837347
Google™ Search Result Shortcuts, 889 , 837372
Hypixel Alerts, 0 , 838091
GreenifyFacebook, 11 , 839034
Online Linux - XLinux console & terminal, 437 , 839569
840902.json, 8816 , 840902
Multi URL Opener, 565 , 841491
AWS Extend Switch Roles, 1637 , 841833
Text to speech that brings productivity, 627 , 842145
842198.json, 330 , 842198
Tidings, 1 , 842251
PawBlock, 101 , 842376
Tugowar's Ashes of Creation Forum Mod, 9 , 842455
Play to Kodi, 2049 , 842611
842638.json, 3 , 842638
TextFast, 372 , 843042
Save incognito session, 131 , 843218
Sort Bookmarks, 2042 , 843239
dmitlichess, 144 , 843684
Spectrum Mute, 1 , 843708
WhaleSlide-v1.0.15, 1 , 843980
Webpage Sidebar, 328 , 844218
Logger for Cyberoam, 2 , 844362
Saka, 172 , 844747
844907.json, 5 , 844907
Paid sites real-time checker, 1 , 845352
SmartProxy, 2641 , 845653
The Old Reader Notifier, 274 , 845715
Show comic title-text, 19 , 846681
Font blocker foxified, 106 , 846731
Tooltip Dictionary, 475 , 846967
AutoMute, 516 , 847426
requestblock, 47 , 847469
Stellar Photos, 184 , 847623
IPvFoo, 3322 , 848109
Matomo Injector, 9 , 848379
Altmail ~Be Awesome, 0 , 848866
Make Medium Readable Again, 1913 , 849852
Ban Checker for Steam, 5628 , 849926
850474.json, 3 , 850474
pakku: bilibili danmaku filter [Language: Chinese], 2190 , 850543
Advanced Profanity Filter, 422 , 851312
Bitmotion - New Tab, 0 , 851593
Treatail, 1 , 851691
IE View WE, 10536 , 851879
Ska'kke ha no' pluss, 54 , 852085
KDE Connect, 743 , 852419
852467.json, 24 , 852467
X-Forwarded-For Injector, 2638 , 852541
Gopass Bridge, 242 , 852556
Youtube caption indicator, 73 , 852790
Furigana Toggle, 277 , 853161
APOD by The Trav, 22 , 853228
Notifications Preview for GitHub, 98 , 853442
853570.json, 43 , 853570
853581.json, 36 , 853581
ArmaKiss, 1 , 854029
fairBlock Reborn, 161 , 854916
Developer Excuses, 74 , 854971
EnCapsulate Contact Importer, 0 , 855031
Tab manager, 269 , 855052
Content Farm Terminator, 1262 , 855209
Ant Download Manager, 600 , 855210
PassLok Privacy, 23 , 855258
inthe.am integration, 0 , 855365
Dark Reader, 138589 , 855413
Kumbu Save Button, 6 , 855478
Fiverr Favorite Exchanger, 6 , 855681
Right Click Link New Tab, 2678 , 855890
856279.json, 9 , 856279
856805.json, 93 , 856805
BuildTeam - Notifier, 6 , 857160
DLOS Contextual Helper, 1 , 857587
Art Password Generator, 31 , 857741
Google Search Plus, 559 , 857980
MobX Developer Tools, 376 , 858148
FBlock, 0 , 858223
Open Link with New Tab, 17132 , 858572
Tinker for Twitch, 52 , 858986
Majestic Uptime Mech Overlord Zero Suit RX-0, 5 , 858990
Tiny Tiny RSS Guardian, 41 , 859134
EZProxy Redirect Foxified, 1016 , 859442
859538.json, 7 , 859538
Better FF Reader, 40 , 859800
shitemove, 10 , 859976
YesScript2, 4903 , 860155
darkerQuantum, 27 , 860209
860236.json, 520 , 860236
Zoomimg, 41 , 860243
uTorrent Connector, 1439 , 860390
CaretTab - New Tab Clock and Date, 1698 , 860424
860550.json, 1 , 860550
Foreign Domain Alerter, 1 , 860727
Web Content Monitor (WebEx), 55 , 860830
Quad - New Tab Page, 10 , 860835
XDebug WebExt, 65 , 860902
Telsome Click2Call, 2 , 860936
Image Background Color Picker, 2703 , 860940
Selected Text Searcher, 187 , 861131
Odoo Easy Debug, 333 , 861612
A-B-Week, 3 , 861690
PasswordMaker Pro, 552 , 861775
861989.json, 1 , 861989
Myki Password Manager & Authenticator, 1634 , 862150
Chrome Logger, 954 , 862345
Tab Master 5000, 119 , 862800
HistoryBlock, 2800 , 8631
Command Line Get (CLG), 324 , 863231
UC Manager, 24 , 863379
Try XPath, 5778 , 863614
Asana Lover, 22 , 863682
Vivir, 1 , 864313
Containers Sync, 500 , 864946
Firescape Navigator, 114 , 865013
865573.json, 15 , 865573
Rikaichamp, 13757 , 865744
Back to Close WE, 599 , 865793
Notesheet, 33 , 865992
866010.json, 6087 , 866010
Markdown Viewer, 1741 , 866049
eBay item location - My country only, 85 , 866169
LeechBlock NG, 26338 , 866226
No-Miner, 288 , 866448
867403.json, 19 , 867403
DM Developer, 12 , 867480
Foresight Strategy Cockpit, 8 , 867711
GitZip, 1533 , 867731
Better Jira, 96 , 867873
New Tab - Moment, 506 , 868145
Stray Kitty, 18 , 868333
Prevent Pwned Passwords, 196 , 868350
868419.json, 13 , 868419
Statusbrew, 18 , 868965
URL Tooltip WE, 460 , 869168
McGill Enhanced, 30 , 869730
869861.json, 26 , 869861
o-o-0-o-o wingOwing, 266 , 870051
TORPEDO browser, 77 , 870323
Referer Modifier, 851 , 870341
RandomUA, 155 , 870377
Click To Contain, 10 , 870820
Media Carousel — browse media without distractions, 170 , 870977
FB Hide User, 37 , 871040
Clear New Tab, 37 , 871678
StorageTester, 1 , 871795
Katalon Recorder, 12125 , 873029
GitHub Contribution Tracker, 0 , 873050
873070.json, 5656 , 873070
BCT Jetpack for Active Workspace, 1 , 873227
Altair GraphQL Client, 943 , 873419
BurningMoth SpeedDial, 395 , 873443
Apex Debugger, 125 , 873620
Secret Server Login Assist for Firefox 57+, 3278 , 873961
874181.json, 1553 , 874181
Fluctus-companion, 43 , 874354
Cryplo, 2 , 874947
SeeOnce Privacy, 11 , 875150
875688.json, 3706 , 875688
New Empty Coloured Tab, 46 , 875731
Location Switcher, 233 , 876211
Bug Magnet, 513 , 876568
GitHub Default Tab Size, 31 , 876895
Git Harvest, 35 , 878268
Deep Translator, 1616 , 879055
New New Tab Page, 15 , 879239
Nextcloud Passwords Client, 1197 , 880156
880349.json, 1022 , 880349
Random Bookmark, 289 , 880984
QuoteURLText2, 74 , 881548
Tabs Group, 161 , 882115
controlref, 52 , 882375
o-o-0-o-o Ad Blocker, 709 , 882935
Today's Pages, 104 , 883228
BurningMoth TabGroups, 28 , 883313
883529.json, 4 , 883529
PTW Extender, 19 , 883922
884117.json, 54 , 884117
884124.json, 0 , 884124
MathQuill for Gmail, 19 , 884230
Authenticator, 8370 , 884322
Right Click Wiktionary, 264 , 885706
Velantro Click to Call, 18 , 885745
Booru Slideshow, 1043 , 886384
Open all URLs in the clipboard, 337 , 887213
Modeless Keyboard Navigation, 18 , 887656
888265.json, 12 , 888265
Pokémon Search, 18 , 888556
888807.json, 9 , 888807
tab-invaders, 345 , 888834
YouTube Ad Auto-Closer, 108 , 889344
Quantum Hasher, 41 , 889748
openHAB Controller, 63 , 889760
Webshit Quota, 3 , 890096
WX Download Status Bar, 17122 , 890119
simple-header-changer, 25 , 890698
TraktToKodi, 12 , 892403
Spoiler Protection 2.0, 267 , 892474
Yet Another WizNote Web Clipper, 1066 , 892840
AMLK - TL;DR, 6 , 893299
893532.json, 0 , 893532
Scrolllink, 0 , 893697
Areg Extended, 1 , 893726
ADV+, 35 , 893748
Open In Adobe Photoshop, 209 , 893819
894017.json, 2 , 894017
FocusVision Keyboard Shortcuts for Decipher, 0 , 894508
Open Link in New Tab, 1062 , 894661
894718.json, 55 , 894718
Telephone Number Detection, 1036 , 894797
Jalios JReading, 43 , 894955
AHS Schedule Viewer, 1 , 895060
Route with Google Maps, 1995 , 895141
ScriptSafe, 4562 , 895478
Wage Gap Button, 1 , 895484
English Popup Dictionary, 8311 , 896450
Tab cycle Quantum, 209 , 896574
896761.json, 2 , 896761
FullyFeedly, 602 , 898197
Click-to-Console-FF, 11 , 898259
898770.json, 55 , 898770
899422.json, 0 , 899422
quotestab, 0 , 899433
AWM Proxy Tools, 16 , 900161
900365.json, 132 , 900365
SaveForReadLater, 934 , 901097
DPImageDownloader, 274 , 902244
Refined Medium, 8 , 902397
Video Scrubber for Instagram, 937 , 902589
Spotify Hotkeys, 428 , 902893
Table to Excel, 5891 , 903385
Open in UDM (uGet Download Manager), 655 , 903453
Swimlanes for Trello, 460 , 903679
Rotating Color Theme, 0 , 904006
Disable YouTube Cards, 239 , 905430
ner-tagger, 0 , 905463
Foxy Manga Reader, 384 , 906170
Transience Homepage, 1 , 906401
Magnit, 6 , 906757
rikaihan, 267 , 906976
907832.json, 66 , 907832
Youtube Subscription(Collection) Manager, 1991 , 908011
GitHub Issue Link Status, 126 , 908316
MagicLinks, 97 , 908424
ORGanizer for Salesforce, 460 , 908777
1-Click URL Opener, 16 , 910157
FB Get Notifications Shortcut, 5 , 910227
RSS-Aggregator, 20 , 910516
Fantasy Basketball Wizard, 87 , 910614
clippaste, 3 , 911164
Baseliner, 70 , 911317
912020.json, 6 , 912020
912345.json, 1 , 912345
Brusque, 0 , 912615
912806.json, 1 , 912806
912881.json, 1 , 912881
Quick Commands, 43 , 913024
Dollchan Extension, 556 , 913156
Pinboard Pro, 27 , 913677
Dawdle block, 49 , 914023
Quantum Coffee, 222 , 914214
Song Identifier, 3535 , 914435
Something Awful Last Read Redux, 516 , 914489
Friction, 0 , 915062
Bitcoin Crypto News, 13 , 915262
Trading Profit %, 15 , 915904
WaterlooWorks Azure, 148 , 916175
ImageAssistant Batch Image Downloader, 7762 , 916223
new tab links, 0 , 916548
916624.json, 39 , 916624
File Icon for GitHub, GitLab and Bitbucket, 833 , 916902
Refined Bitbucket, 538 , 917186
RetailMeNot Genie: Instant Coupon Finder, 13124 , 917247
917727.json, 0 , 917727
SwissBad Extension, 1 , 917914
Better Wattpad Interface, 79 , 917962
TagYoutubeChannels, 6 , 918443
AliExplorer - AliExpress Shopping Assistant, 84 , 918555
919625.json, 0 , 919625
919787.json, 1 , 919787
Ethereum Gas Price Extension, 24 , 919955
920065.json, 25 , 920065
920720.json, 1 , 920720
Github Punchcard, 20 , 921197
NZBLinker, 203 , 921698
Folx 5, 1167 , 922751
Design change for Odnoklassniki.ru, 59 , 923179
Download Links, 5794 , 923261
Amazon Affiliate Linkerizer, 107 , 923422
No Seen – for Facebook and Instagram, 336 , 924027
924311.json, 15 , 924311
FFS MSDN in English, 102 , 924392
Luminous: JavaScript events blocker, 222 , 924651
CyberGhost VPN Free Proxy, 14605 , 925408
DaltonTab, 3 , 925730
925884.json, 226 , 925884
SoundCloud Scroll Down, 9 , 926166
Popular Crypto Money Exchange, 3 , 926267
Man in the Middle, 59 , 926540
926932.json, 107 , 926932
Mitbbs Toolbox, 80 , 927191
Tree Style Tab RainbowTabsFork, 145 , 927206
Unload Tab from Context Menu, 166 , 927284
927393.json, 1 , 927393
Lectio AutoLogin, 24 , 927508
FeedBasket, 11 , 927863
Porkchat, 12 , 927874
SHS VPN v.0.1.6, 52 , 928001
Search DuckDuckGo bangs, 90 , 928167
Le Memes, 9 , 928426
929254.json, 142 , 929254
929292.json, 131 , 929292
929425.json, 185 , 929425
Let's get color blind, 459 , 929436
markdownQuantum, 26 , 929533
Alpheios Reading Tools, 207 , 929537
Emojis Keyboard, 367 , 930319
The Lounge Exchange Service, 0 , 930893
LessPass remoteStorage, 6 , 930917
Nag Me, 15 , 930989
Blacken, 350 , 93117
PasswordMaker Pro, 10 , 931517
Subtle Tab, 120 , 931792
Blog Skipper, 1 , 932211
SLU People Finder, 9 , 932238
Fire PR, 2 , 932690
GMU Auto Login, 2 , 933163
933289.json, 4 , 933289
Nudgeti, 42 , 933459
934771.json, 2422 , 934771
934917.json, 17 , 934917
935105.json, 17 , 935105
Rutor Torrent Search, 1343 , 935272
Message notifier for VK.com™, 59 , 935288
New Tab. Minimal., 119 , 935318
Currency Convertor, 10 , 935913
Telescope BCH, 23 , 936317
Smilematic, 27 , 936334
ServiceNow tool belt, 46 , 936349
YouTube Tracks, 3 , 936526
HD Quality Toggle for YouTube™, 1860 , 936833
2048 in Popup, 718 , 936835
View Image, 49336 , 937151
937432.json, 1587 , 937432
937529.json, 1 , 937529
View image in Google Images, 2125 , 937703
BYOBeautiful, 5 , 937817
YouStopper for YouTube™, 105 , 938189
ASS Danmaku, 199 , 938495
939576.json, 2 , 939576
Ficbook+, 6 , 939614
939887.json, 37 , 939887
Tab [a]123bc, 30 , 940792
vMonitor, 0 , 940969
BeeLine Reader, 373 , 941547
941697.json, 0 , 941697
Pulsedive Threat Intelligence, 72 , 941956
AutoAuth for UCLA, 6 , 941977
Emoji Substitution-V3, 1 , 942307
MrNiceGuy, 1 , 942373
MrEdgeLord, 0 , 942374
SearchBinder, 11 , 943143
MediaLocate Sites Addon, 2 , 943152
Wastodon, 2 , 943160
QuoteMe, 18 , 943173
MetaGer Suche, 2114 , 943175
943227.json, 0 , 943227
ModHeader, 4108 , 943360
943618.json, 20 , 943618
Reimagined Twitter, 206 , 944018
944482.json, 1 , 944482
Instant Click Search, 5 , 946075
Secure password generator, 10 , 946178
946462.json, 2 , 946462
GimmeGimmeGimme, 6 , 946656
BBC Radio Tuner, 145 , 946763
Adblocker.Global, 611 , 947716
Yahoo! Mail Alerter, 435 , 947880
Everything Metric (Auto Unit Converter), 321 , 947882
947987.json, 74 , 947987
948258.json, 6816 , 948258
HackMD-it, 65 , 948493
Anomali ThreatStream Plugin, 47 , 948822
Tab ReTitle, 438 , 948962
hltv-not-wide, 6 , 949148
Tab Teleporter, 11 , 949516
Googlete, 12 , 949908
Wikibuy, 35865 , 950733
951127.json, 16 , 951127
No More Mobile, 39 , 951213
3G Proxy, 51 , 951457
951613.json, 58 , 951613
Salesforce Credentials, 76 , 951731
SimpleBlockPages, 188 , 952180
952435.json, 2 , 952435
Nuke Private Data, 157 , 953639
Agility PR Solutions Snapshot, 31 , 953803
954241.json, 0 , 954241
Pond5 Visual Search, 58 , 954685
954740.json, 22 , 954740
Augury, 4179 , 954809
MultiWindow, 22 , 955184
Better Netflix, 1388 , 955540
uBlock mobile, 7215 , 955774
3CX Click to Call, 2365 , 955866
956064.json, 0 , 956064
Spigot Notifier, 1 , 956175
Family Reviews by Movieguide®, 1 , 956273
956703.json, 3 , 956703
Autocorrect, 69 , 957330
Google Inbox To Trello, 55 , 957409
Tahir, 15 , 957583
Direct Links, 84 , 957728
BibCnrs Url Transformer, 1653 , 957763
:Qounter, 1 , 958358
Link Saver, 6 , 958363
DomainFlag, 46 , 958477
Async Render Toolbox, 8 , 959275
New Tab Container, 15 , 959331
959436.json, 6 , 959436
CafeX Meetings - Google Calendar Scheduling, 2 , 960754
SIMTEST.IT Mobile internet proxy, 202 , 961046
961136.json, 1 , 961136
961149.json, 1 , 961149
Search Mood, 0 , 961349
YouTube Auto HD + FPS, 1157 , 961731
WarpDrive-ff, 1 , 961750
ymarks, 52 , 962546
ClipClear2, 6 , 962811
Mouse Pet, 116 , 962997
963145.json, 192 , 963145
Steam ID Finder, 38 , 963397
Play/Pause Button For Pocket Casts 2, 29 , 963399
Offline QR Code Generator, 885 , 963413
Dynamic Weather Theme, 42 , 964492
CTHelper, 2 , 964884
Cyber Pros Social, 5 , 965052
Credentials Store, 1 , 965193
LastSeen Updater, 0 , 965317
Free Download Manager extension, 36117 , 965677
Foundoff, 2 , 965724
Savvy, 8 , 965729
Trello branch name, 3 , 965800
965909.json, 26 , 965909
Start ToDo - the simplest way to get things done, 3 , 966177
966398.json, 355 , 966398
Wally, 24 , 966801
Copyf, 31 , 966804
Tab Wrangler, 405 , 966999
memosnagforquantum, 3 , 967024
Steward - a command launcher, 16 , 967329
Daily Sites, 4 , 967952
Mococheck Mobile internet proxy, 31 , 967958
Automatic Coupons: Save With Free Promo Codes, 37 , 968277
Yodel Phone System, 1 , 968380
Reddit on Youtube - fork, 0 , 968425
Reddit Hot Swap, 53 , 968657
Bugzilla Data Collector, 12 , 968798
Learn Darklight, 144 , 969525
My Databank, 1260 , 969788
Project Timers, 3 , 969981
970154.json, 19 , 970154
Order Tabs by Domain, 49 , 970218
Intensify!, 4 , 970589
Quest Raspberry, 13 , 970785
NeoShares, 1 , 970983
Odix Downloaded Files, 1 , 971102
Keeeb Discovery for Enterprise, 2 , 971446
Stopaganda, 0 , 972369
KenGoo, 22 , 972410
TonOfFunGames, 90 , 972706
Power Search New Tab, 83 , 972853
RusVPN - Free VPN, 8885 , 973391
Github Jira Ticket Link, 9 , 973473
973572.json, 0 , 973572
WordReference Translate, 99 , 973768
DysAide, 208 , 974661
DS III Cheaters Blocker for Steam, 31 , 974951
MailTo, 231 , 975005
Clean Links, 1267 , 975198
975485.json, 1 , 975485
Selective Mute, 0 , 975805
976411.json, 264 , 976411
Classical Search Bar, 390 , 976824
Advertisements by FaxBetter, 501 , 976853
OpenDyslexic, 367 , 977031
VNOC Trackers, 1 , 977065
EBN Blog Login, 16 , 977071
Indic Input, 203 , 977076
Firestocks, 40 , 977104
Haidoku, 63 , 977265
CryptoMining Blocker, 1086 , 977346
Aggregate Tabs to Main Window, 42 , 977495
Priority TODO Lists, 2 , 977609
WaveTab, 9 , 977748
977768.json, 17 , 977768
The Legend Of Zelda Wallpaper New Tab Theme, 31 , 978097
Bangtan Boys Wallpaper HD New Tab Theme, 8 , 978396
Pinball, 63 , 978426
978451.json, 80 , 978451
Dota2 Wallpaper HD New Tab Theme, 40 , 978456
Chess, 63 , 978640
Minecraft HD Wallpaper New Tab Theme, 26 , 978845
Varanida, 615 , 979026
Anti Phish, 5 , 979044
Galaxy HD Wallpaper New Tab Theme, 83 , 979062
Save Tabs, 178 , 979533
PageAPatte - custom start page, 8 , 979667
979971.json, 79 , 979971
Talentera, 1 , 980093
Ispravi.me, 3 , 980150
Privacy Extension For WhatsApp Web, 65 , 980404
Recipe Filter, 1439 , 980458
980794.json, 23 , 980794
HLT web, 3 , 980858
FuzzyMark, 1 , 981115
Save the Internet, 21 , 981357
iPlugin for Jira, 2 , 981417
981490.json, 1 , 981490
981592.json, 1 , 981592
RARBG Helper, 55 , 981800
Front End Framework, 15 , 981809
Adigly, 7 , 981966
981982.json, 3 , 981982
Gmail Label Organizer, 5 , 982156
The Gorge Recipe Filter (plz uninstall!!), 2 , 982223
You No Cards, 101 , 982237
Living Room Tab, 1 , 982276
Shipright Catch, 2 , 982456
982488.json, 14 , 982488
StubTabs, 247 , 982609
GSE RED, 1 , 982707
BitBucket Pull Request Helper, 8 , 982825
Omaraha .tsv extension, 8 , 982936
Barstool Sports Enhancement Suite, 0 , 983064
viewport, 2 , 983078
983163.json, 18 , 983163
Umlauter: automatically add Umlauts, 13 , 983524
TF2 Trade Helper, 20 , 983604
983841.json, 429 , 983841
CloudFlare Purge Plugin, 29 , 983878
984217.json, 4 , 984217
984500.json, 1 , 984500
984533.json, 24 , 984533
DF YouTube (Distraction Free), 2652 , 984535
Ads Preview, 5 , 984720
PureCloud for Firefox, 24 , 984812
Twitter Video Assist, 379 , 984976
Point de Contact, 13 , 984987
S-CSS-P, 205 , 985009
Darkness - Beautiful Dark Themes, 1538 , 985204
KotLink Browser Extension, 5 , 985229
Custom Emoji Addiction, 0 , 985614
ReBinger, 36 , 985877
985953.json, 104 , 985953
Ifchor Group Intranet, 0 , 985981
Fanatical Assistant, 3230 , 986119
Waytab, 7 , 986163
Friendly Github, 26 , 986174
FlowVPN, 38 , 986351
Yogi - Invest More Wisely, 0 , 986362
New Tab. Minimal., 8952 , 986478
986525.json, 4 , 986525
Multilevel Speed Dial, 77 , 986576
Trustnav AdBlocker, 203 , 986583
YouTube™ Thumbnail Rating Bar, 2186 , 986698
Incognito Adblocker, 12671 , 986768
YouDupe, 5 , 986833
987486.json, 1285 , 987486
987634.json, 1 , 987634
LikeItAll | Group Auto Likes, 114 , 987775
988180.json, 7 , 988180
Swerve, 17 , 988323
groove.id, 4 , 988372
988629.json, 104 , 988629
Anti-distractor for StackExchange, 9 , 988773
115Exporter, 106 , 988790
Send To Rapidleech, 4 , 988944
Pages.Browser Extension, 0 , 989031
989163.json, 0 , 989163
OWA Reality Stone, 12 , 989169
Panda-ToolBox, 0 , 989203
Drag to Save, 19 , 989487
Must Prioritize, 10 , 989573
eBay™ Popularity Sort, 187 , 989602
Adult Block, 710 , 989627
Livemarks, 23179 , 989639
lekhini, 5 , 989646
Bible Previewer, 21 , 989859
TheJournal.ie Commenter Tagger, 4 , 989935
990031.json, 26 , 990031
Jira Notifier, 14 , 990170
Omegle Anti-Spam, 148 , 990195
Consent Manager, 570 , 990274
Tripoli, 1 , 990359
AntiBrowserSpy TrackingBlocker, 1882 , 990440
JIRA Issue Quick Open, 17 , 990517
Offset Rythm, 1 , 990731
990734.json, 39 , 990734
Edge Translate, 3406 , 990954
WikiCamp Tracker, 0 , 991068
PrettyPercy, 2 , 991203
Muledump CORS Adapter for Firefox, 243 , 991340
Refined Prime Video, 83 , 991415
VIPKid+, 10 , 991504
991682.json, 1 , 991682
Open Bookmarks Slowly, 49 , 991734
992156.json, 13 , 992156
992266.json, 1 , 992266
AcceleReader for Instapaper, 24 , 992484
992544.json, 2 , 992544
Mastodon – Simplified Federation!, 31 , 992577
ePin for Firefox, 0 , 992787
992967.json, 1 , 992967
Full Screen Video for Youtube and more, 72 , 992980
Stutter Scroll, 1 , 993161
993220.json, 2 , 993220
Youtube Video Skip Ad Trigger, 90 , 993277
Han - Pinyin - Chinsese translation, 13 , 993931
Word Counter, counts your text, 24 , 993985
True Sight, 119 , 994231
TwitchTime, 44 , 994245
Subs Translate, 139 , 994287
994318.json, 54 , 994318
MultiLogin, 117 , 994368
Browser Plugs Privacy Firewall, 217 , 994495
Material Design Color Palette - Click to Copy, 59 , 994828
Privacy Enhanced Mode for Embedded YouTube, 335 , 994842
995098.json, 1 , 995098
Global Consent Manager, 181 , 995139
autoConvert - you select, it converts, 68 , 995141
995301.json, 134 , 995301
UserCSP, 11 , 995793
Timtoobias Live, 7 , 995809
995900.json, 8 , 995900
Block Service Workers, 48 , 996014
996080.json, 4 , 996080
Authentiq 2FA, 8 , 996269
Font Auto-resizer, 39 , 996372
Mask Files on GitHub, 4 , 996408
Privacy Search, 49 , 996435
joggl, 0 , 997258
Panorama Tab Groups, 2206 , 997321
Available Reads, 49 , 997380
997427.json, 979 , 997427
GitHub Contributions, 1 , 997485
MODX Queeg, 1 , 997515
997651.json, 2 , 997651
Bookmark Notes, 492 , 997679
997745.json, 643 , 997745
Pages for Firefox, 4 , 997757
LinkPalette, 2 , 997765
Yappaddon, 2 , 997766
Web Scraper, 1089 , 997877
Bar Breaker, 18 , 998247
Refined - a tool for Slack, 44 , 998282
Open With Photoshop, 5338 , 99845
SynthPass, 0 , 998504
999075.json, 18 , 999075
999159.json, 51 , 999159
Velantro Dialer + Click to Call, 4 , 999232
999312.json, 4 , 999312
Polito.it Utility, 22 , 999597
TredoList, 30 , 999865
MaterialFox Helper, 332 , 999953
Sidebery, 188 , 999984
