Yandex,772734
Yahoo Homepage,130566
Search and New Tab by Yahoo,104002
Speed Dial [FVD] New Tab Page,97058
New Tab Override (WebExtension),96700
New Tab Homepage,93418
Yahoo Toolbar and New Tab,77284
745706.json,50425
71418.json,39379
Lilo - Home Page,25821
New Tab Tools,24635
Flixtab Movie Center,24635
Momentum,20737
Infinite Dashboard - New Tab like no other,20236
Tabliss,18922
Speed Dial 2 New tab page,15992
MoviesFanatic Tab,12478
Quick Dial,11355
New Tab. Minimal.,7210
New Tab by Yahoo,6394
SpecialSearchOffer,6043
Visual bookmarks online,5746
748773.json,5382
Tab for a Cause,5380
EasyZipTab,4862
873070.json,4484
My Homepage,4073
Infinity New Tab (Pro),3952
start.me - A personal homepage for your bookmarks,3723
Presearch.org - Start With Us,3668
Tabby Cat,3642
Blank New Tab,3243
Live Start Page - Speed Dial,2878
Earth View from Google Earth,2308
Find-It.Pro,2220
Atavi - bookmark manager,2051
Speed Dial,1939
Houzz Save Button,1934
471705.json,1586
CaretTab - New Tab Clock and Date,1439
Bookmarked Speed Dial,1319
Black New Tab,1143
Bookmark Dial,948
FF Speed Dial - the best New Tab for Firefox,843
Humble New Tab Page,763
Coupons Flash,757
916950.json,699
MyWeb New Tab,656
Change New Tab,655
Yay! Another Speed dial!,608
WowApp Smart Web,503
New Tab - Moment,467
BurningMoth SpeedDial,393
686777.json,366
825606.json,289
Crypto Tab,286
Best Homepage Ever - New Tab Quick Launch (Free),285
811388.json,265
874483.json,261
Custom New Tab Page,243
Daily - Source for Busy Developers,231
Simple Online Forms,205
Alarms & Clock,195
New Tab Tweaker,186
Tab Notes,159
Taskade - Task Lists,156
Your Weather page,155
Art New Tab,154
newtab-bookmarks,146
Subtle Tab,146
839753.json,145
Stellar Photos,140
983130.json,133
New Tab. Minimal.,128
Newtab.urlEX (Custom new tab & bookmark browser),121
Motivation,117
Board: Papier for Firefox,109
NelliTab - New Tab Page,109
Power Search New Tab,106
Bookmark Manager and Home page - myMark.me,105
Tab Master 5000,104
Tesla Start,104
Directions Found,103
Palettab,100
upStart,100
Livesports Today,88
789111.json,86
Start Page - Time & Date,85
Naruto and Sasuke Wallpaper New Tab Theme,80
Deezer Tab,79
New Tab StartXXL,78
New Tab about:blank,75
Accumulate: Daily Chinese and Japanese,75
Fortnite Wallpapers Tab Theme,72
Toolbar Dial,69
AOL Homepage,67
879516.json,64
Pretty New Tab Image,62
Lens New Tab,58
932346.json,58
Artifact Cards for New Tab,57
860538.json,57
Theme Tab,57
1000255.json,56
Developer Excuses,54
Avengers: Infinity War Theme,53
BWNT - New Tab,52
List Goal,50
926769.json,49
Multilevel Speed Dial,49
823614.json,48
Mustsee,48
Animated Nature Wallpaper Tab,46
Marvel's The Avengers HD Wallpaper New Tab Theme,46
One Piece,45
926762.json,44
TorahTab by Sefaria,43
League Of Legends Wallpaper New Tab Theme,42
1015198.json,41
Whimsy,41
980188.json,41
941088.json,39
New Tab Wallpaper,39
Free Art Tab,38
Highlight Keywords,37
NewTab with Flickr photos,37
Clear New Tab,37
Fortnite Wallpaper New Tab Theme,37
React New Tab,36
Himawari 8 Satellite New Tab Page,36
Star Wars The Last Jedi Tab,36
gootheweb Homepage,36
Overwatch Game Wallpaper New Tab Theme,36
The Atlantic Serendipity,35
Current Status New Tab.,35
BTS Bangtan Boys New Tab Theme,35
946191.json,34
856207.json,33
Tabagotchi,33
Speed Dial Quantum,33
New Empty Coloured Tab,32
Nat Geo New Tab,32
Soda PDF: Convert,30
931493.json,29
Harry Potter Tribute New Tab,28
everyday.app | Do it every day!,28
Visual Speed Dial,28
PUBG New Tab Theme,28
Galaxy HD Wallpaper New Tab Theme,27
Tokyo Ghoul New Tab Theme,26
New tab speeddial v2,26
Animated NASA HD Wallpaper Tab,25
Speed Test Ace,25
Dragon Ball Z Tribute New Tab,24
New Tab - What have you made today?,24
Solitaire Card Game New Tab,23
Player Unknown Battleground-PUBG New Tab Theme,23
Hot Bikini Women Tab Gallery,22
Yahoo New Tab,21
Supercar HD Wallpaper New Tab Theme,21
New Tab Bookmark,21
939887.json,21
974747.json,21
WOW - World Of Warcraft Wallpaper New Tab Theme,21
The Legend Of Zelda Wallpaper New Tab Theme,21
Dota2 Wallpaper HD New Tab Theme,21
Time Tab,20
My Little Pony Wallpaper Theme,20
941691.json,19
Sports Cars Gallery New Tab,18
Stranger Things New Tab Theme,18
NotesTab,18
Ephemeral Bookmark Bar,18
Baby Animals Gallery New Tab,17
Black Cat Wallpapers Tab Theme,17
Assassin's Creed: Unity New Tab,16
Super Mario Tribute New Tab,16
New Tab Memo,16
New Tab Homepage Focus2,16
Calm New Tab,16
Daily Bible Verses Tab Theme,16
earthview New Tab HD Hot Theme,16
MovieZone,16
SK Rapid Start,16
998511.json,16
Batman New Tab,15
858615.json,15
Call of Duty WWII  Tab Theme,15
God of War Wallpaper Tab Theme,15
MyHackerPage - Anonymous New Tab,15
943150.json,15
Minecraft HD Wallpaper New Tab Theme,15
ctrl tab,14
Kimi No Na Wa Wallpaper New Tab Theme,14
Anime New Tab New Tab,14
APOD by The Trav,14
Star Wars Battlefront New Tab,14
928259.json,14
975372.json,14
Thich Nhat Hanh Calligraphy,14
Get Motivated,13
FRC New Tab,13
MyBrowsersPage,13
Kingdom Hearts Wallpaper Theme,13
Orbit,13
My Hero Academia New Tab Theme,13
AnkiTab,13
nextab,12
Autumn Wallpaper New Tab Theme,12
947991.json,12
Assassin's Creed Origins Theme,12
New Tab Vocab,12
Detroit: Become Human Tab Theme,12
Road New Tab HD Wallpapers Themes,11
A Photographic Start - New Tab Page,11
GwentyTab,11
New New Tab Page,11
Palettab,11
Riverdale Wallpaper Tab Theme,11
manabu,11
Fairy Tail Wallpaper Tab Theme,11
Oriental project New Tab HD Hot Theme,10
Free Movies Search Engine,10
Mickey Mouse Tribute New Tab,10
University of Michigan New Tab,10
Christmas Holiday New Tab,10
Search Manager,10
*NEW* HD Destiny 2 New Tab Theme,10
Foxes Wallpaper New Tabs Theme,10
Rainbow Six Wallpapers Theme,10
Steward - a command launcher,10
Dogs & Puppies Wallpapers & Themes,10
Deadpool Tribute New Tab,9
Pacman Game New Tab,9
New Tab Enhanced,9
*NEW* HD Unicorn Wallpaper Theme,9
Derpi-New Tab,9
FAIRY TAIL New Tab HD Hot Theme,9
933366.json,9
Christian Wallpapers Tab Theme,9
943538.json,9
956744.json,9
Tokyo Ghoul Wallpaper New Tab Theme,8
NFL Oakland Raiders New Tab,8
Puppies New Tab,8
Fallout 4 New Tab,8
Charlie Brown New Tab Theme,8
Fantastic Start,8
XKCD Newtab,8
941106.json,8
Naruto Wallpapers Tab Theme,8
989902.json,8
Githunt,8
Dota 2 Wallpapers for New Tab,7
Useful New Tab Page,7
WebStart - Best New Tab Homepage,7
GlobalTab,7
New Tab Startpage,7
937931.json,7
Winter Snow Wallpaper Theme,7
Minecraft Wallpapers Tab Theme,7
Tropical Beach New Tab Theme,7
Cristiano Ronaldo Tab Theme,7
Lil Peep Wallpapers Tab Theme,7
XXXTentacion Wallpapers Theme,7
Package Tracker Express,7
Dragon Ball Wallpaper New Tab Theme,6
Spider Man Wallpaper New Tab Theme,6
Hacker Wallpaper New Tab Theme,6
Forbes Personalized News,6
University of Alabama New Tab,6
Taylor Swift Tribute New Tab,6
Batman v Superman New Tab,6
Christmas Puppies New Tab,6
Sherlock Tribute New Tab,6
Zelda Tab Theme Wallpaper,6
Twenty One 21 Pilots Tab Theme,6
Dark Black Wallpapers Theme,6
Alt Tab Page,6
901007.json,6
BMW Wallpapers New Tab Theme,6
941684.json,6
947959.json,6
UnTab,6
WallPage New Tab,6
Bangtan Boys Wallpaper HD New Tab Theme,6
Super Mario Odyssey Wallpaper New Tab Theme,6
Stoic,6
Suplexed: Sneaker Release Calendar,6
TimeRun,5
Beautiful Girls Wallpapers - New Tab,5
Lamborghini Super Car Wallpaper New Tab Theme,5
Vanilla Dashboard,5
Venom Wallpaper New Tab Theme,5
NFL San Francisco 49ers New Tab,5
Summer Minions Tribute New Tab,5
NFL New Orleans Saints New Tab,5
Pokemon Tribute New Tab,5
Wolves Gallery New Tab,5
LEGO Batman Tribute New Tab,5
Fast and Furious New Tab Theme,5
Moana Wallpaper New Tab Theme,5
HD Shawn Mendes New Tab Theme,5
Quad - New Tab Page,5
New Tab with Quotes,5
Tracking Panda,5
BioShock Wallpaper Tab Theme,5
Nightmare Before Christmas Tab,5
How to Train Your Dragon Theme,5
The Joker Wallpaper Tab Theme,5
Venom Wallpapers New Tab Theme,5
944726.json,5
Your Life in Weeks,5
Bobble,5
U.S. Army Wallpapers Tab Theme,5
Attack on Titan New Tab Theme,5
WaveTab,5
2018 Football World Cup New Tab Theme,5
hello,5
Battlefield 5 Wallpapers Theme,5
Monster Hunter: World Tab Theme,5
Waytab,5
Aesthetic Wallpapers Tab Theme,5
Pink Wallpapers HD - New Tab,5
Ninja Wallpapers New Tab Theme,4
Speed Test Now,4
Mountain HD Wallpaper New Tab Theme,4
Porsche Super Car Wallpaper New Tab Theme,4
Death Note Wallpaper New Tab Theme,4
Windows XP - Bliss Wallpaper New Tab Theme,4
1014602.json,4
Speed Dial Desktop for Browser - in New Tab,4
GTA V Tribute New Tab Page,4
NHL Pittsburgh Penguins New Tab,4
NHL Chicago Blackhawks New Tab,4
Iron Man Tribute New Tab,4
Walking Dead Tribute New Tab,4
Baby Polar Bears New Tab,4
Galaxy New Tab,4
Doctor Who Tribute New Tab,4
Supergirl Theme Wallpaper Tab,4
*NEW* Victoria's Secret Theme,4
Be More Mindful,4
Tesla Wallpapers New Tab Theme,4
New Tab Game,4
SearchMe123,4
Totoro Wallpaper New Tab Theme,4
Santa Claus Wallpaper Theme,4
FIFA 18 Wallpapers Tab Theme,4
StartPage - Best New Tab Startpage,4
Hawaii Wallpaper New Tab Theme,4
bookmarks-new-tab,4
DaltonTab,4
932851.json,4
Corvette Wallpapers Tab Theme,4
Owls Wallpapers New Tab Theme,4
Jurassic World: Fallen Kingdom,4
Neymar Wallpapers Tab Theme,4
PageAPatte - custom start page,4
989944.json,4
Harley Quinn Wallpapers New Tab Theme,4
The Fall Day - A Fall Tab,4
Self Butler,3
Dog new tab page cute cute pet HD wallpaper,3
Spider-man Game New Tab Theme,3
Roblox Wallpapers Tab Theme,3
Dharma Quotes,3
Open Tabs,3
World Map Wallpaper New Tab Theme,3
Vault Safe Search for Firefox,3
Earth Clock,3
Bugatti Super Car Wallpaper New Tab Theme,3
Black Panther Wallpaper New Tab Theme,3
Tad,3
123Movies,3
CommonUnits/time,3
630794.json,3
Ohio State New Tab,3
NBA San Antonio Spurs New Tab,3
NFL Cleveland Browns New Tab,3
Mortal Kombat X New Tab,3
Bayern Munich Tribute New Tab,3
Michigan State U New Tab,3
University of Georgia New Tab,3
University of Texas New Tab,3
Star Trek Beyond New Tab,3
Tigers New Tab,3
Mountains HD New Tab Theme,3
Rainbows New Tab Theme,3
LEGA B Start,3
850603.json,3
Selena Gomez Tab Theme,3
Ducati Wallpaper New Tab Theme,3
Classroom Quickview,3
CobiNewTab,3
Punisher Wallpaper Tab Theme,3
Cuphead Wallpapers Tab Theme,3
Eloquent - New Tab Page,3
Magic: The Gathering Wallpaper,3
Teddy Bears Wallpapers Theme,3
K-Pop New Tab Theme Wallpaper,3
Mr. Robot HD Theme & New Tab,3
Pugs Wallpapers New Tab Theme,3
947127.json,3
Roses Wallpapers New Tab Theme,3
mesmerized,3
Cardi B Wallpapers Tab Theme,3
Start ToDo - the simplest way to get things done,3
Lionel Messi Wallpapers Theme,3
We Bare Bears Wallpapers Theme,3
981592.json,3
Basketball Wallpapers Theme,3
Calvin and Hobbes New Tab Theme,3
Supreme Wallpapers Tab Theme,3
Bendy and the Ink Machine Tab,3
6ix9ine Wallpapers Tab Theme,3
New Tab - Weather and Smart Search,3
Avalba - Search Engine,3
1000441.json,2
Bookdial,2
The Equalizer Wallpapers Theme,2
SlamDunk Wallpaper New Tab Theme,2
Fantastic Beasts: Grindelwald,2
1005355.json,2
Batman Wallpaper New Tab Theme,2
CleanNewTab,2
ASL Tab,2
newtabtext,2
Better Startpage,2
Smart File Converter,2
1019773.json,2
NHL Washington Capitals New Tab,2
NFL Buffalo Bills New Tab,2
University North Carolina New Tab,2
NFL Jacksonville Jaguars Official New Tab,2
U of Tennessee New Tab,2
No Man's Sky Tribute New Tab,2
Penn State University New Tab,2
Texas Tech University New Tab,2
Notre Dame New Tab,2
Halloween New Tab,2
The Beatles Tribute New Tab,2
Breathe,2
Mass Effect: Andromeda New Tab,2
Display beautiful stuff,2
American Horror Story New Tab,2
HD Demi Lovato New Tab Theme,2
HD Paul Brothers New Tab Theme,2
Red Dead Redemption Tab Theme,2
Coco Wallpapers New Tab Theme,2
*NEW* Paint Tool New Tab,2
868249.json,2
Range Rover New Tab Themes,2
Winnie the Pooh New Tab Theme,2
Pikachu Wallpapers Tab Theme,2
Aloha,2
Favilicous,2
Blue Exorcist Wallpapers Theme,2
Green Arrow Wallpapers Theme,2
presently,2
Supernatural Wallpapers Theme,2
944198.json,2
GlaxoTab - Customizable New Tab Page,2
Italy Wallpapers New Tab Theme,2
Google Plus featured photo new tab,2
Need For Speed New Tab Theme,2
Fighter Jets Wallpapers Theme,2
10words: startups in every tab,2
Black Ops 4 Wallpapers Theme,2
Steven Universe Tab Theme,2
Bleach HD Wallpaper New Tab Theme,2
Lil Pump Wallpapers Tab Theme,2
TabPage,2
Coding Tips,2
985641.json,2
Fallout 76 Wallpapers Theme,2
AccessUpstate,2
German Shepherd New Tab Theme,2
Vaporwave Wallpapers Theme,2
Thor: Ragnarok New Tab Theme,2
Bob's Burgers New Tab Theme,2
Literary Clock,2
Spirited Away Wallpapers Tab,2
Vorfreude,2
Astroworld Wallpapers Theme,1
Travis Scott Wallpapers,1
Vans Wallpapers New Tab Theme,1
Predator Wallpapers  Theme,1
Saweetie Wallpapers Tab Theme,1
Weiva,1
kbo Startpage,1
1001535.json,1
Off-White Wallpapers Theme,1
Anthem Wallpapers Tab Theme,1
GiveHearts: Raise Money for a Cause for Free,1
1003281.json,1
Lamborghini New Tab & Free Movies,1
SWAT Wallpapers New Tab Theme,1
GoQuestGo,1
RunQuestRun,1
Beagles Wallpapers Tab Theme,1
Friday the 13th Wallpapers,1
Goosebumps Wallpapers  Theme,1
Hub,1
Stephen King Wallpapers Theme,1
Pacific Rim Uprising Tab Theme,1
YaTab,1
Gradient New Tab,1
Ironman Wallpaper New Tab Theme,1
Confound Comments,1
Deadpool Wallpaper New Tab Theme,1
Fullmetal Alchemist Wallpaper New Tab Theme,1
Naruto - Itachi Uchiha Wallpaper New Tab Theme,1
Hextent,1
Naruto - Sasuke Wallpaper New Tab Theme,1
Photo for New Tab,1
V For Vendetta Wallpaper New Tab Theme,1
MyAstroFinder,1
1012063.json,1
Currency Exchange Calculator,1
C.C.CSS.NewTab.Tab,1
macOS Sierra HD Wallpaper New Tab Theme,1
Charitab,1
mybox - a newtab extension,1
Analog Percent Clock,1
Horoscope Finder,1
Launch,1
GetPdfTotal,1
NewTab Override,1
New Tab Inspire,1
Daily Mail Tab,1
Directions Finder Now,1
Twitch Tab,1
Gurbani-Prayers,1
Simple new tab page,1
SynTek,1
NFL Detroit Lions New Tab,1
NFL Houston Texans New Tab,1
NHL St. Louis Blues New Tab,1
103.5 The Arrow New Tab,1
Black Ops 3 Tribute New Tab,1
Oregon Athletics New Tab,1
NBA Sacramento Kings New Tab,1
NHL Winnipeg Jets New Tab,1
NHL Florida Panthers New Tab,1
NHL Minnesota Wild New Tab,1
Infinite Warfare New Tab,1
University of Illinois New Tab,1
Real Madrid Tribute New Tab,1
Cap America: Civil War New Tab,1
Star Wars Darth Vader New Tab,1
Sharks Gallery New Tab,1
Bob Marley New Tab,1
Overwatch Tribute New Tab,1
ZimRim Extension,1
University of Kentucky New Tab,1
University of Missouri New Tab,1
U of South Carolina New Tab,1
Pokemon GO Tribute New Tab,1
ZimRim Search Extension,1
Secret Life of Pets New Tab,1
University of Maryland New Tab,1
John Brown U. New Tab,1
University of Oklahoma New Tab,1
TCU New Tab,1
Oklahoma State U New Tab,1
Kansas State U New Tab,1
UCLA New Tab,1
Stanford University New Tab,1
Washington State U New Tab,1
Madden Tribute New Tab,1
U of Pittsburgh New Tab,1
Baby Goats New Tab,1
Sonic the Hedgehog Tribute Tab,1
Beautiful Flowers New Tab,1
Coral Reef New Tab,1
Candy Canes Holiday New Tab,1
Lions New Tab,1
Conor McGregor Tribute New Tab,1
WKYC 3 News New Tab,1
M&M's New Tab,1
Valentine's Day New Tab,1
Cort Carpenter New Tab Page,1
Trump Tweets New Tab Theme,1
Olentangy Orange Pioneers,1
Marysville Monarchs New Tab,1
*NEW* ElRubiusOMG New Tab Theme,1
HD Resident Evil New Tab Theme,1
Tomb Raider New Tab Theme,1
MMA Wallpapers New Tab Theme,1
Narcos Wallpaper New Tab Theme,1
CIS Day Cycles,1
860473.json,1
Dude Perfect New Tab Theme,1
861170.json,1
DJ Khaled New Tab Theme,1
Vivir,1
Bruno Mars New Tab Theme,1
Hercules Tires New Tab,1
Flying Paint New Tab Theme,1
MyEzyLogin,1
TidyNT,1
HexTab,1
Clemson University New Tab,1
886569.json,1
Cartoon Network Wallpaper Tab,1
Olaf Wallpapers New Tab Theme,1
Elf Wallpaper New Tab Theme,1
quotestab,1
Womany New Tab,1
Baby Seals Wallpapers Theme,1
Penguins Wallpaper Tab Theme,1
Transience Homepage,1
Ozark Wallpapers New Tab Theme,1
My StartPage,1
Post Malone Wallpaper Theme,1
Terminator Wallpaper Tab Theme,1
new tab links,1
Nickelodoen Wallpapers Theme,1
Memes Wallpapers New Tab Theme,1
The Last of Us Wallpapers,1
Lilly Singh Videos Tab Theme,1
Unicorn New Tab,1
SocialNewPages-test,1
Markiplier Videos New Tab Them,1
97things on New Tabs,1
Charizard Wallpapers Tab Theme,1
Aliens Wallpapers Tab Theme,1
932804.json,1
Horror Wallpapers Tab Theme,1
Grey's Anatomy Wallpaper Theme,1
The Sims 4 Wallpapers Theme,1
Coffee Wallpapers Tab Theme,1
946462.json,1
England Wallpapers Tab Theme,1
Golden Retreiver New Tab Theme,1
950882.json,1
Cardinals Wallpapers Theme,1
Trains Wallpapers Tab Theme,1
Gorillas Wallpapers Tab Theme,1
Peace Signs New Tab Theme,1
Apple Wallpapers New Tab Theme,1
Nike Wallpapers New Tab Theme,1
Cherry Blossoms New Tab Theme,1
Jessica Jones Wallpapers Theme,1
Panic! at the Disco Tab Theme,1
Far Cry 5 Wallpapers Tab Theme,1
Kylie Jenner Wallpapers Theme,1
Shameless Wallpaper Tab Theme,1
SearchMood,1
Adidas Wallpapers New Tab Them,1
Kung Fu Wallpapers Tab Theme,1
Fall Out Boy New Tab Theme,1
Ready Player One New Tab Theme,1
Beastie Boys Wallpapers Theme,1
K. Flay Wallpapers Tab Theme,1
Stormy Daniels New Tab Theme,1
Luke Bryan Wallpapers Theme,1
974458.json,1
Cakes Wallpapers New Tab Theme,1
Pro Racing Wallpapers Theme,1
Tiger Woods Wallpapers Theme,1
Kate Middleton Wallpaper Theme,1
Mouse Statistics,1
Color Splash Wallpapers Theme,1
Sam Smith Wallpapers Tab Theme,1
Final Fantasy Dissida Theme,1
Null New Tab,1
Boats Wallpapers New Tab Theme,1
FIAT Wallpapers New Tab Theme,1
Lil Uzi Vert New Tab Theme,1
21 Savage Wallpapers Theme,1
The Amazing World of Gumball,1
FuzzyMark,1
Thanos Wallpapers Tab Theme,1
Orchid browser theme and new tab search page,1
Camila Cabello Tab Theme,1
A Boogie wit da Hoodie Theme,1
J. Cole Wallpapers Tab Theme,1
Legends of Tomorrow Tab Theme,1
NBA 2K19 Wallpapers Tab Theme,1
Chance the Rapper Tab Theme,1
Donuts Wallpapers Tab Theme,1
Rainforest Wallpapers Theme,1
Cows Wallpaper New Tab Theme,1
Puma Wallpapers New Tab Theme,1
Sia Wallpapers New Tab Theme,1
Tyler the Creator Tab Theme,1
Marshmello Wallpapers Theme,1
/r/changemyview on New Tab page,1
Persian Cats New Tab Theme,1
988315.json,1
988376.json,1
The Last of Us 2 New Tab Theme,1
The Rock Wallpapers Tab Theme,1
Spongebob Squarepants Theme,1
Glitter Wallpapers Tab Theme,1
Big Mouth Wallpapers Theme,1
Ski Mask the Slump God Theme,1
Elephants Wallpapers New Theme,1
Zebra Print Wallpapers,1
South Park Wallpapers Theme,1
Money Wallpapers New Tab Theme,1
Superman Wallpapers Tab Theme,1
FilmFan,1
Food2Fork,1
Ke$ha Wallpapers New Tab Theme,1
Bungadoo,1
Comethazine Wallpapers New Tab Theme,1
League of Legends New Tab Theme,1
Bloodborne Wallpapers New Tab Theme,1
WEBFRU - search without sharing,1
Angels of Death Wallpapers Tab,1
The Purge Wallpapers Theme,1
Young Thug Wallpapers Theme,1
Tab Dashboard,1
Aquaman Wallpapers Tab Theme,1
The Kardashians Wallpapers,1
Giggle,1
Kappa Clothing Wallpapers,1
Streetwear Wallpapers Theme,1
Sea of Thieves New Tab Theme,1
We Happy Few Wallpapers Tab,1
Orchids Wallpapers Tab Theme,1
Wicked Wallpapers Tab Theme,1
Castle Rock Wallpapers Theme,1
Super Smash Bros New Tab Theme,1
Pusheen Wallpapers Tab Theme,1
One-Liners,1
KSI Wallpapers New Tab Theme,1
French Montana Wallpapers Tab,1
RCVA Wallpapers New Tab Theme,1
Devil May Cry Wallpapers Tab,1
US Open Wallpapers Tab Theme,1
Rico Nasty Wallpapers Themes,1
995791.json,1
996035.json,1
Undefeated Wallpapers New Tab,1
Young Nudy Wallpapers Tab,1
AKIRA Wallpapers New Tab Theme,1
mURLin,1
PrettyTab,1
Reminders Tab,1
RipnDip Wallpapers Tab Theme,0
Odd Future Wallpapers Theme,0
White Boy Rick New Tab Theme,0
Mexican Food Wallpapers Theme,0
KITH Wallpapers New Tab Theme,0
Huda Kattan Wallpapers Theme,0
Sekiro: Shadows Die Twice,0
MCM Worldwide New Tab Theme,0
Go Outside...,0
Pyramids Wallpapers Tab Theme,0
Fitness Wallpapers Tab Theme,0
Faze Tfue Wallpapers Theme,0
Captain Marvel Wallpapers Tab,0
Optimus Prime Wallpapers Theme,0
Space Jam Wallpapers Tab Theme,0
Smallfoot Wallpapers Tab Theme,0
The Nun Wallpapers Tab Theme,0
Wegive,0
Scream Wallpapers Tab Theme,0
Witches Wallpapers Tab Theme,0
Accurate Weather Today,0
Soulcalibur Wallpapers Theme,0
Berserk Wallpapers Tab Theme,0
Calvin Klein Wallpapers Theme,0
Fast Food Wallpapers Tab Theme,0
Mue,0
Azizi search engine,0
Transformers Wallpaper New Tab Theme,0
Naruto - Gaara HD Wallpaper New Tab Theme,0
CS GO Wallpaper New Tab Theme,0
Daily Recipe Ideas,0
Dictionary Pro,0
Diablo HD Wallpaper New Tab Theme,0
The Matrix Wallpaper New Tab Theme,0
Coconote,0
1014165.json,0
Daily Weather Forecast,0
1015130.json,0
Rambler,0
Travel Directions,0
Live Weather Check,0
1019683.json,0
SpONgEGnaR sPeAK,0
MyStreamingTab,0
NFL Chicago Bears New Tab,0
NFL Denver Broncos New Tab,0
Angry Birds New Tab Experience,0
Clash of Clans New Tab Page,0
NFL Washington Redskins New Tab,0
NBA Cleveland Cavaliers New Tab,0
NFL Indianapolis Colts New Tab,0
NBA Atlanta Hawks New Tab,0
NBA Orlando Magic New Tab,0
NBA Philadelphia 76ers New Tab,0
NHL Blue Jackets New Tab,0
Angry Birds Movie New Tab,0
University of Arizona New Tab,0
World Wrestling New Tab,0
Hockey Canada New Tab,0
Halo 5 Tribute New Tab,0
Forza 6 Gallery New Tab,0
Toy Story Tribute New Tab,0
Kung Fu Panda Tribute New Tab,0
The Division Tribute New Tab,0
Suicide Squad Tribute New Tab,0
Ole Miss New Tab,0
USC New Tab with MyWeb,0
Auburn University New Tab,0
The Witcher Tribute New Tab,0
Vanderbilt University New Tab,0
University of Arkansas New Tab,0
U of Wisconsin New Tab,0
University of Iowa New Tab,0
Purdue University New Tab,0
Indiana University New Tab,0
Drake Tribute New Tab,0
U of Minnesota New Tab,0
Northwestern Wildcats New Tab,0
University of Kansas New Tab,0
Baylor University New Tab,0
Arizona State U New Tab,0
Oregon State U New Tab,0
U of Washington New Tab,0
U of California New Tab,0
University of Virginia New Tab,0
Wake Forest University New Tab,0
NC State University New Tab,0
Georgia Tech New Tab,0
Battlefield 1 Tribute New Tab,0
Snowboarding New Tab,0
Surfing New Tab,0
Jungle New Tab,0
Christmas Music - FM100 New Tab,0
Rogue One Tribute New Tab,0
Westworld Tribute New Tab,0
Doctor Strange Tribute New Tab,0
Fantastic Beasts Tribute Tab,0
House of Cards Tribute New Tab,0
Beauty and the Beast New Tab,0
Big Bang Theory Tribute Tabs,0
Luke Cage Tribute New Tab,0
Emojis New Tab,0
Power Rangers Tribute New Tab,0
eSports New Tab,0
New York Jets New Tab,0
New Tab National Park Image,0
Raindrops Tab Theme Wallpaper,0
March Madness New Tab,0
Starry Sky Theme Wallpaper Tab,0
Jelly Bean Theme Wallpaper Tab,0
Racing Motorcycles New Tab,0
TAB-CLOCKER 2.0,0
Dublin Jerome Celtics New Tab,0
Reynoldsburg Raiders New Tab,0
Override examplesext1,0
Bitmotion - New Tab,0
Global Upvote Tab,0
HD It Wallpaper New Tab Theme,0
HD Miranda Sings New Tab Theme,0
Team 10 Wallpaper Tab Theme,0
HD Ed Sheeran New Tab Theme,0
TheArcaneBrony New Tab,0
HD Jenna Marbles New Tab Theme,0
HD VanossGaming New Tab Themes,0
862418.json,0
DOOM New Tab,0
Popular YouTube New Tab Theme,0
Suzuki Wallpaper New Tab Theme,0
Jaguar Wallpaper New Tab Theme,0
Shrek Wallpapers New Tab Theme,0
Today is NOT your birthday,0
879099.json,0
Searchberry Home Page,0
NYC Skyline Wallpaper Theme,0
894017.json,0
Taskler,0
MaterialHub Reborn,0
Yuman-prerelease,0
911076.json,0
Robots Wallpaper New Tab Theme,0
Android Wallpapers Tab Theme,0
Portal Wallpaper New Tab Theme,0
Time and Tide,0
The Incredibles Tab Wallpaper,0
Canada Goose Wallpapers Theme,0
Birds Wallpapers New Tab Theme,0
Super Bowl Champions Themes,0
Oklahoma State Digital Collections Tab,0
Ant Man Wallpapers Tab Theme,0
Deer Wallpapers New Tab Theme,0
Pacific Rim Wallpapers Theme,0
Fremont Homepage,0
943703.json,0
Pop Artists,0
Hip Hop Wallpapers Tab Theme,0
Windsurfing Wallpapers Theme,0
Jellyfish Wallpapers Tab Theme,0
Weed Wallpapers New Tab Theme,0
Bears Wallpaper New Tab Theme,0
Boxers Wallpapers Tab Theme,0
Weddings Wallpaper Tab Theme,0
FILA Wallpapers New Tab Theme,0
Drones Wallpapers Tab Theme,0
A$AP Rocky Wallpapers Theme,0
A$AP Ferg Wallpapers Tab Theme,0
Halsey Wallpapers Tab Theme,0
Sugar Skulls Wallpapers Theme,0
Nikunj123,0
Analog Watch or Clock with Easter Angels theme,0
Pizza Wallpapers New Tab Theme,0
Lil Xan Wallpapers Tab Theme,0
Search Mood,0
MISSIO Wallpapers Tab Theme,0
Justin Timberlake Tab Theme,0
Bella Thorne Wallpapers Theme,0
P!nk (Pink) Wallpapers Tab Theme,0
Tab Master Control,0
Lady Gaga Wallpapers Tab Theme,0
Avicii Wallpapers Tab Theme,0
Mod Sun Wallpapers Tab Theme,0
My Jobs Tab,0
Zip4NewTab,0
Bishop Briggs New Tab Theme,0
The 100 Wallpapers Tab Theme,0
Michael Jordan Tab Theme,0
U.S. Marines Wallpapers Theme,0
Han Solo Wallpapers Tab Theme,0
2 Chainz Wallpapers Tab Theme,0
Kobe Bryant Wallpapers Theme,0
Gigi Hadid Wallpapers Theme,0
Kendall Jenner New Tab Theme,0
30 Seconds to Mars Tab Theme,0
American Idol Wallpapers Theme,0
Material Wallpapers Tab Theme,0
Today In History,0
Pics 4 New Tab,0
Teen Titans Wallpapers Theme,0
Storms Wallpapers Tab Theme,0
Sam Hunt Wallpapers Tab Theme,0
Kate Spade Wallpapers Theme,0
Hermes Wallpapers Tab Theme,0
Meghan Markle New Tab Theme,0
The Memorial Tournament,0
Cape Breton Start Page,0
Future Wallpapers Tab Theme,0
Coach Wallpapers New Tab,0
Voyager New Tab,0
Lil Yachty Wallpapers Theme,0
Vlog Squad Wallpapers Theme,0
Kid Cudi Wallpapers Tab Theme,0
Childish Gambino Wallpapers,0
Tattoos Wallpapers Tab Theme,0
Gucci Mane Wallpapers Theme,0
The Weeknd Wallpapers Theme,0
G-Eazy Wallpapers Tab Theme,0
Tic Tac Toe Game,0
Living Room Tab,0
Logic Wallpapers New Tab Theme,0
Migos Wallpapers New Tab Theme,0
The Hulk Wallpapers Tab Theme,0
Lil Wayne Wallpapers Tab Theme,0
Kendrick Lamar Tab Theme,0
World Cup Wallpapers Tab Theme,0
Daily Finance Pal,0
Imagine Dragons Wallpapers Tab,0
The Handmaid's Tale Tab Theme,0
NF Wallpapers New Tab Theme,0
Mission Impossible Tab Theme,0
985840.json,0
Quick Cards,0
James Bond Wallpapers Theme,0
Maroon 5 Wallpapers Tab Theme,0
Bulldogs Wallpaper Tab Theme,0
SZA Wallpapers New Tab Theme,0
Xbox Wallpapers New Tab Theme,0
Jay Rock Wallpapers Tab Theme,0
Lil Dicky Wallpapers Theme,0
Mario Odyssey Wallpaper Theme,0
Safari Wallpapers Tab Theme,0
Lost in Space Wallpaper Theme,0
MyFavoriteRecipes New Tab,0
Nintendo Characters Tab Theme,0
Family Guy Wallpapers Theme,0
Samurai Jack Wallpapers Theme,0
Yung Bans Wallpapers Tab Theme,0
Golden Retreivers Tab Themes,0
Famous Dex Wallpapers Theme,0
JUICE WRLD Wallpapers Theme,0
989163.json,0
CENTPAGE :- Internet Startpage,0
Rich the Kid Wallpapers New Tab Theme,0
Trippie Redd Wallpapers New Tab Theme,0
Golf Wallpapers New Tab Theme,0
Lil Skies Wallpapers New Tab Theme,0
Snakes Wallpapers New Tab Theme,0
Lyrical Lemonade Wallpapers New Tab Theme,0
Dram Wallpapers New Tab Theme,0
Cowboy Bebop Wallpapers New Tab Theme,0
Christian Calendar and New Tab,0
Macklemore Wallpapers New Tab Theme,0
Twilight Wallpapers New Tab Theme,0
mysearchengine,0
FLCL Wallpapers New Tab Theme,0
Retro Wallpapers New Tab Theme,0
Beyblade Wallpapers Theme,0
No Jumper Wallpapers Tab Theme,0
DanTDM Wallpapers Tab Theme,0
Dungeon Fighter Wallpapers,0
Gay Pride Wallpapers Theme,0
Orange is the New Black Theme,0
Custom New Tab By MFans,0
Stampy Cat Wallpapers Theme,0
Palace Streetwear Tab Theme,0
Lineage Wallpapers Tab Theme,0
The Lion King Wallpapers Tab,0
Looney Tunes Wallpapers,0
Syracuse Orange New Tab Theme,0
DJ Snake Wallpapers Tab Theme,0
Gigi Gorgeous Wallpapers Theme,0
Watchmen Wallpapers Tab Theme,0
Bumblebee Wallpapers Theme Tab,0
Brockhampton Wallpapers Tab,0
Pop Games Wallpapers Tab Theme,0
The Smurfs Wallpapers Theme,0
Streets of Rage Wallpapers,0
995544.json,0
995565.json,0
SamSearch UK,0
SamSearch India,0
Scooby Doo Wallpapers Theme,0
Unikitty! Wallpapers Tab Theme,0
Gravity Falls Wallpapers,0
Powerpuff Girls Wallpapers,0
patrick murphy,0
Diplo Wallpapers New Tab Theme,0
Dragalia Lost Wallpapers Tab,0
Avalba - Motorë Kërkimi në Shqip,0
Big Ben Wallpapers Tab Theme,0
BAPE Wallpapers New Tab Theme,0
Hollow Knight Wallpapers,0
GitHub Contributions,0
Doja Cat New Tab Theme,0
